Impulse,Response,Step,Value,Lower_CI,Upper_CI
goal1,goal1,0,2.512484226234814,2.512484226234814,2.512484226234814
goal1,goal1,1,-0.06191107226193463,-0.09328385610716608,-0.03053828841670319
goal1,goal1,2,0.002606609677017658,-0.000683082040439206,0.005896301394474522
goal1,goal1,3,5.4972823884871675e-06,-0.00039462993957010024,0.0004056245043470746
goal1,goal1,4,1.0705295233390225e-05,-4.07878221021697e-05,6.219841256895016e-05
goal1,goal1,5,-2.7641357617255967e-06,-9.403982611154139e-06,3.875711087702944e-06
goal1,goal1,6,5.760996291625026e-07,-3.2401970300205013e-07,1.4762189613270555e-06
goal1,goal1,7,-8.943776197156351e-08,-2.1479011037187103e-07,3.591458642874401e-08
goal1,goal1,8,1.2634743149720155e-08,-5.02473872004994e-09,3.029422501949025e-08
goal1,goal1,9,-1.6732544295332425e-09,-4.167665119839487e-09,8.211562607730023e-10
goal1,goal1,10,2.1668619247714024e-10,-1.3511107106430783e-10,5.684834560185883e-10
goal3,goal1,0,0.0,0.0,0.0
goal3,goal1,1,0.12483337846570061,0.046837870927339154,0.20282888600406207
goal3,goal1,2,-0.012043933797032122,-0.02441755338531633,0.0003296857912520861
goal3,goal1,3,0.0017127505086860428,-8.288872713877685e-05,0.0035083897445108625
goal3,goal1,4,-0.00019714329296179362,-0.0004640949678573149,6.98083819337276e-05
goal3,goal1,5,2.5253118888226124e-05,-1.3442836557526618e-05,6.394907433397887e-05
goal3,goal1,6,-3.1438313719483083e-06,-8.727301439714247e-06,2.4396386958176305e-06
goal3,goal1,7,4.0264674236063366e-07,-4.012854624919323e-07,1.2065789472131997e-06
goal3,goal1,8,-5.1398949186588795e-08,-1.668283890659747e-07,6.403049069279712e-08
goal3,goal1,9,6.598027816140246e-09,-9.907407295189984e-09,2.3103462927470475e-08
goal3,goal1,10,-8.460045514253666e-10,-3.1944322480619526e-09,1.5024231452112195e-09
goal4,goal1,0,0.0,0.0,0.0
goal4,goal1,1,0.038652265375629616,0.009814697500002093,0.06748983325125714
goal4,goal1,2,0.0035534176189729906,0.00035066134912488736,0.006756173888821094
goal4,goal1,3,-0.0007256699773089816,-0.0011323811984342493,-0.00031895875618371394
goal4,goal1,4,0.00010291976449444238,5.048104370621726e-05,0.0001553584852826675
goal4,goal1,5,-1.1168173939179478e-05,-1.7828182351141314e-05,-4.508165527217643e-06
goal4,goal1,6,1.2045267083919043e-06,3.2737523751572955e-07,2.081678179268079e-06
goal4,goal1,7,-1.3068997370631097e-07,-2.491462577660554e-07,-1.2233689646566519e-08
goal4,goal1,8,1.5197246570482923e-08,-1.0671426230022928e-09,3.146163576396814e-08
goal4,goal1,9,-1.8582749833332958e-09,-4.107065106565762e-09,3.905151398991703e-10
goal4,goal1,10,2.358291314964504e-10,-7.587039926893761e-11,5.475286622618384e-10
goal7,goal1,0,0.0,0.0,0.0
goal7,goal1,1,0.009793659848972831,-0.048006878648592335,0.067594198346538
goal7,goal1,2,0.0017598348582600416,-0.007710405997527019,0.011230075714047102
goal7,goal1,3,-0.00038602940343112713,-0.0018426669031991996,0.0010706080963369452
goal7,goal1,4,7.783091073500577e-05,-0.0001391323101962171,0.0002947941316662286
goal7,goal1,5,-1.2893196697109543e-05,-4.435943571875777e-05,1.857304232453869e-05
goal7,goal1,6,2.025946207543242e-06,-2.4976071821259585e-06,6.5494995972124425e-06
goal7,goal1,7,-2.997036646799225e-07,-9.474566131301738e-07,3.480492837703287e-07
goal7,goal1,8,4.2755622048147346e-08,-4.976185600926167e-08,1.3527310010555636e-07
goal7,goal1,9,-5.9214844715086624e-09,-1.908626584122543e-08,7.243296898208105e-09
goal7,goal1,10,8.037049307503643e-10,-1.061099173022129e-09,2.6685090345228577e-09
goal8,goal1,0,0.0,0.0,0.0
goal8,goal1,1,0.03060803698297744,-0.03864408258260113,0.09986015654855601
goal8,goal1,2,-0.00769691203386599,-0.01740122681724057,0.002007402749508589
goal8,goal1,3,0.000587630757224738,-0.0007751248619292058,0.0019503863763786818
goal8,goal1,4,-6.660870434199282e-05,-0.00025766085970056545,0.00012444345101657978
goal8,goal1,5,5.483927609888998e-06,-2.030787155084487e-05,3.1275726770622865e-05
goal8,goal1,6,-4.812038280281231e-07,-3.936642910496327e-06,2.9742352544400807e-06
goal8,goal1,7,3.122892232852061e-08,-4.3002425633286893e-07,4.924821009899102e-07
goal8,goal1,8,-1.1082596379232798e-09,-6.274256033112915e-08,6.05260410552826e-08
goal8,goal1,9,-1.8117828204714112e-10,-8.414454134919487e-09,8.052097570825205e-09
goal8,goal1,10,5.571476980376503e-11,-1.0419270746821263e-09,1.1533566142896563e-09
goal10,goal1,0,0.0,0.0,0.0
goal10,goal1,1,-0.13004153939068958,-0.14867916438361872,-0.11140391439776043
goal10,goal1,2,0.012761770938545145,0.009974295756677475,0.015549246120412814
goal10,goal1,3,-0.001066613894677214,-0.0014537821852465712,-0.0006794456041078567
goal10,goal1,4,4.6429214220514305e-05,-5.506114639200474e-06,9.836454308022908e-05
goal10,goal1,5,-1.8217146730024687e-07,-6.924818384414573e-06,6.5604754498140794e-06
goal10,goal1,6,-3.109383960650254e-07,-1.1749936926139798e-06,5.531169004839291e-07
goal10,goal1,7,4.003922758343808e-08,-7.104140202194007e-08,1.5111985718881625e-07
goal10,goal1,8,-3.3237682516464532e-09,-1.7725256158374975e-08,1.1077719655082068e-08
goal10,goal1,9,1.2871634633073524e-10,-1.75485770650668e-09,2.0122903991681504e-09
goal10,goal1,10,1.492776372927201e-11,-2.3312820546211946e-10,2.6298373292066346e-10
goal13,goal1,0,0.0,0.0,0.0
goal13,goal1,1,-0.03956059496408519,-0.11180202396682136,0.03268083403865098
goal13,goal1,2,0.00691048941916479,-0.004783885806067636,0.018604864644397215
goal13,goal1,3,-0.0007220133441183151,-0.002447204159861141,0.0010031774716245108
goal13,goal1,4,0.0001001162379311062,-0.0001477625740568154,0.0003479950499190278
goal13,goal1,5,-1.2801360630278644e-05,-4.738524561843773e-05,2.1782524357880442e-05
goal13,goal1,6,1.6928284133547033e-06,-3.0869712150523912e-06,6.472628041761798e-06
goal13,goal1,7,-2.1758633898746805e-07,-8.77208270721473e-07,4.4203559274653683e-07
goal13,goal1,8,2.802136795304139e-08,-6.305955153991163e-08,1.1910228744599441e-07
goal13,goal1,9,-3.594628418172947e-09,-1.6162398941179075e-08,8.97314210483318e-09
goal13,goal1,10,4.6292162728268337e-10,-1.267644537882851e-09,2.193487792448218e-09
goal16,goal1,0,0.0,0.0,0.0
goal16,goal1,1,0.03683873435066823,-0.03073876419776085,0.10441623289909731
goal16,goal1,2,0.0018363347229358614,-0.005308412051204364,0.008981081497076087
goal16,goal1,3,0.00018217716003463932,-0.0006848602999034339,0.0010492146199727126
goal16,goal1,4,-6.652626847635292e-06,-0.00012221806057189052,0.00010891280687661995
goal16,goal1,5,1.7170749374240394e-06,-1.3178970131038699e-05,1.6613120005886777e-05
goal16,goal1,6,-9.015792856641537e-08,-2.0602606197099114e-06,1.8799447625770805e-06
goal16,goal1,7,5.3093094590672e-09,-2.564996011266301e-07,2.671182200447645e-07
goal16,goal1,8,6.058717439798448e-10,-3.441750494550563e-08,3.562924843346531e-08
goal16,goal1,9,-1.7832892865363196e-10,-4.859746211666657e-09,4.503088354359392e-09
goal16,goal1,10,3.423764850720498e-11,-5.898905623604337e-10,6.583658593748437e-10
goal1,goal3,0,0.07672973467731126,0.07672973467731126,0.07672973467731126
goal1,goal3,1,0.012364756964717305,-8.841309411926693e-05,0.024817927023553878
goal1,goal3,2,-0.0010971611278612365,-0.0027426594197869857,0.0005483371640645127
goal1,goal3,3,0.0002160811409309174,-1.1905282607651001e-05,0.00044406756446948583
goal1,goal3,4,-2.773899482668478e-05,-5.8688387169145896e-05,3.2103975157763364e-06
goal1,goal3,5,3.743768053574304e-06,-5.336299670206941e-07,8.021166074169302e-06
goal1,goal3,6,-4.5586001137730304e-07,-1.0504138888668043e-06,1.3869386611219822e-07
goal1,goal3,7,5.536871372767118e-08,-2.764711109371646e-08,1.3838453854905882e-07
goal1,goal3,8,-6.6049623447296235e-09,-1.8189251624199922e-08,4.979326934740676e-09
goal1,goal3,9,7.952981067532559e-10,-8.174597756619495e-10,2.4080559891684616e-09
goal1,goal3,10,-9.652086526514046e-11,-3.2022485023044595e-10,1.27183119700165e-10
goal3,goal3,0,0.9943540260137115,0.9943540260137115,0.9943540260137115
goal3,goal3,1,-0.08061021015332845,-0.11156988921757949,-0.04965053108907741
goal3,goal3,2,0.010320357951872153,0.0043312757480610965,0.01630944015568321
goal3,goal3,3,-0.0010778132399911365,-0.0021067471549031315,-4.887932507914149e-05
goal3,goal3,4,0.0001274191050973383,-3.5973903942161265e-05,0.0002908121141368379
goal3,goal3,5,-1.448093434893088e-05,-3.9295964161385234e-05,1.0334095463523474e-05
goal3,goal3,6,1.7115188738578422e-06,-1.9647610278947565e-06,5.38779877561044e-06
goal3,goal3,7,-2.021978224335959e-07,-7.371027060003539e-07,3.3270706113316205e-07
goal3,goal3,8,2.4303369773108373e-08,-5.251333494542213e-08,1.0112007449163889e-07
goal3,goal3,9,-2.945068890496069e-09,-1.3858672560489533e-08,7.968534779497393e-09
goal3,goal3,10,3.6109439427952385e-10,-1.1754479799681505e-09,1.8976367685271983e-09
goal4,goal3,0,0.0,0.0,0.0
goal4,goal3,1,0.032734687275292794,0.02128785046890537,0.04418152408168022
goal4,goal3,2,-0.0034208462492476676,-0.005053107040121113,-0.0017885854583742217
goal4,goal3,3,0.00040226565836975705,0.00016755420111719385,0.0006369771156223203
goal4,goal3,4,-4.04894897733664e-05,-7.207341200324891e-05,-8.905567543483886e-06
goal4,goal3,5,4.535355843473181e-06,2.7406271290564667e-07,8.796648974040716e-06
goal4,goal3,6,-5.177172028825182e-07,-1.0906989199775273e-06,5.5264514212490864e-08
goal4,goal3,7,6.299337594147504e-08,-1.4476595014528671e-08,1.4046334689747875e-07
goal4,goal3,8,-7.807432932587148e-09,-1.831984862689095e-08,2.7049827617166547e-09
goal4,goal3,9,9.824332601714619e-10,-4.478085466708316e-10,2.4126750670137553e-09
goal4,goal3,10,-1.2377913329926518e-10,-3.184924131749205e-10,7.093414657639014e-11
goal7,goal3,0,0.0,0.0,0.0
goal7,goal3,1,0.018064652522435717,-0.00487879868525545,0.04100810373012688
goal7,goal3,2,-0.002842709417143999,-0.0075928220219288,0.0019074031876408011
goal7,goal3,3,0.00047023882930604657,-0.00036970995453121706,0.0013101876131433102
goal7,goal3,4,-6.74118924079783e-05,-0.000201331109378034,6.65073245620774e-05
goal7,goal3,5,9.453775673145217e-06,-1.091828705978584e-05,2.9825838406076274e-05
goal7,goal3,6,-1.2707306785431358e-06,-4.273691890902408e-06,1.732230533816136e-06
goal7,goal3,7,1.677577453461398e-07,-2.661400496714493e-07,6.016555403637288e-07
goal7,goal3,8,-2.179449482775819e-08,-8.359859628711881e-08,4.0009606631602425e-08
goal7,goal3,9,2.8092066884773483e-09,-5.9008705011164435e-09,1.1519283878071139e-08
goal7,goal3,10,-3.6033663600378675e-10,-1.5773894794599977e-09,8.567162074524241e-10
goal8,goal3,0,0.0,0.0,0.0
goal8,goal3,1,-0.003832675778061805,-0.03132173846817806,0.023656386912054447
goal8,goal3,2,-0.001989560992342818,-0.006687363758737887,0.002708241774052251
goal8,goal3,3,0.00024436042757091097,-0.0005441928089038786,0.0010329136640457007
goal8,goal3,4,-4.1195821373026046e-05,-0.0001597901825943216,7.739853984826951e-05
goal8,goal3,5,5.357610429257098e-06,-1.1574117885263974e-05,2.228933874377817e-05
goal8,goal3,6,-7.108180502052796e-07,-3.036485884624369e-06,1.6148497842138095e-06
goal8,goal3,7,8.857524332302851e-08,-2.2251823922139903e-07,3.996687258674561e-07
goal8,goal3,8,-1.091807217700925e-08,-5.175504825970343e-08,2.9918903905684933e-08
goal8,goal3,9,1.3156210745814935e-09,-3.97238130682891e-09,6.603623455991897e-09
goal8,goal3,10,-1.570762781738219e-10,-8.351170655472419e-10,5.209645091995981e-10
goal10,goal3,0,0.0,0.0,0.0
goal10,goal3,1,-0.0268158150217391,-0.03421386789058094,-0.019417762152897262
goal10,goal3,2,0.0035844194159787932,0.0022151073920723694,0.004953731439885217
goal10,goal3,3,-0.0005393125946923472,-0.000754193932383993,-0.00032443125700070145
goal10,goal3,4,5.826528810569082e-05,2.7537011548164013e-05,8.899356466321763e-05
goal10,goal3,5,-5.9799892988927866e-06,-1.0168322325053815e-05,-1.7916562727317576e-06
goal10,goal3,6,5.366557532551002e-07,-1.7813625089231473e-08,1.091125131599432e-06
goal10,goal3,7,-4.487995507436181e-08,-1.170452436074923e-07,2.7285333458768694e-08
goal10,goal3,8,3.268528318224008e-09,-6.017924414429205e-09,1.255498105087722e-08
goal10,goal3,9,-1.8625861227839419e-10,-1.3733928702271443e-09,1.0008756456703562e-09
goal10,goal3,10,1.8710625349396165e-12,-1.4930939059811033e-10,1.5305151566798955e-10
goal13,goal3,0,0.0,0.0,0.0
goal13,goal3,1,0.011202192705175754,-0.0174734519268891,0.03987783733724061
goal13,goal3,2,-0.0015760207663684778,-0.007397542023680747,0.004245500490943792
goal13,goal3,3,0.00035807387899922376,-0.000639403348584035,0.0013555511065824824
goal13,goal3,4,-5.436095911409678e-05,-0.00020884600977085359,0.00010012409154266003
goal13,goal3,5,8.091125557653595e-06,-1.4597970169926679e-05,3.078022128523387e-05
goal13,goal3,6,-1.1151976547485943e-06,-4.335971196697189e-06,2.1055758872000007e-06
goal13,goal3,7,1.505106794612625e-07,-2.9654459745247535e-07,5.975659563750003e-07
goal13,goal3,8,-1.9821009026006822e-08,-8.092207154387156e-08,4.128005349185793e-08
goal13,goal3,9,2.5777791044088506e-09,-5.683952351585823e-09,1.0839510560403523e-08
goal13,goal3,10,-3.314820090357188e-10,-1.440149223901382e-09,7.771852058299444e-10
goal16,goal3,0,0.0,0.0,0.0
goal16,goal3,1,0.029877896873925145,0.003053561305684443,0.05670223244216585
goal16,goal3,2,-0.0011247225029026818,-0.004447717258891024,0.002198272253085661
goal16,goal3,3,0.00025490436959546694,-0.00027165243263244907,0.000781461171823383
goal16,goal3,4,-2.3911241852208157e-05,-9.660472236582885e-05,4.8782238661412534e-05
goal16,goal3,5,3.2822838214836892e-06,-6.747823921408056e-06,1.3312391564375434e-05
goal16,goal3,6,-3.701875207299097e-07,-1.707035375237146e-06,9.666603337773264e-07
goal16,goal3,7,4.465097525953776e-08,-1.312117339680941e-07,2.2051368448716963e-07
goal16,goal3,8,-5.101797706317249e-09,-2.790194198237784e-08,1.769834656974334e-08
goal16,goal3,9,5.877939085043676e-10,-2.3424117744346123e-09,3.5179995914433475e-09
goal16,goal3,10,-6.664216160915283e-11,-4.4042007640603523e-10,3.0713575318772953e-10
goal1,goal4,0,0.13192306854094876,0.13192306854094876,0.13192306854094876
goal1,goal4,1,0.03307166904900305,-0.0005412144460260893,0.06668455254403219
goal1,goal4,2,0.0021946948290866423,-0.0013138601466896422,0.005703249804862927
goal1,goal4,3,-0.00038407022677092043,-0.0008152585674085377,4.711811386669685e-05
goal1,goal4,4,6.105210442103571e-05,7.702385011286167e-06,0.00011440182383078525
goal1,goal4,5,-6.626527625183392e-06,-1.3477783070757363e-05,2.2472782039057902e-07
goal1,goal4,6,7.543278675228716e-07,-1.5879274329207496e-07,1.6674484783378181e-06
goal1,goal4,7,-8.497025941137108e-08,-2.1049619561958951e-07,4.055567679684734e-08
goal1,goal4,8,1.0343094967094698e-08,-7.109921446921496e-09,2.7796111381110893e-08
goal1,goal4,9,-1.3062042974895069e-09,-3.740574317990351e-09,1.1281657230113376e-09
goal1,goal4,10,1.6995533904669918e-10,-1.6935991921293726e-10,5.092705973063356e-10
goal3,goal4,0,0.05659744851871222,0.05659744851871222,0.05659744851871222
goal3,goal4,1,0.09338108541587435,0.009816492584209108,0.1769456782475396
goal3,goal4,2,-0.006933443174734057,-0.020622819241733453,0.00675593289226534
goal3,goal4,3,0.0011853607598310946,-0.0008300722901594042,0.0032007938098215934
goal3,goal4,4,-0.00014071057548680616,-0.0004330683050455063,0.000151647154071894
goal3,goal4,5,1.9368333836052706e-05,-2.2170245079598796e-05,6.0906912751704204e-05
goal3,goal4,6,-2.4755190306613884e-06,-8.357328571406619e-06,3.4062905100838427e-06
goal3,goal4,7,3.234462007696554e-07,-5.082515596219708e-07,1.1551439611612817e-06
goal3,goal4,8,-4.1636121252381466e-08,-1.5909965357274028e-07,7.582741106797736e-08
goal3,goal4,9,5.383867439378053e-09,-1.1156032456597982e-08,2.192376733535409e-08
goal3,goal4,10,-6.948375099801813e-10,-3.014863300522e-09,1.6251882805616377e-09
goal4,goal4,0,2.6880518994879905,2.6880518994879905,2.6880518994879905
goal4,goal4,1,-0.11528179228675191,-0.14617843869420152,-0.0843851458793023
goal4,goal4,2,0.007489464413993429,0.004007119917682527,0.010971808910304331
goal4,goal4,3,-0.00033808665083920976,-0.0007794544552801032,0.00010328115360168366
goal4,goal4,4,3.202082210356709e-05,-2.2177471364755633e-05,8.621911557188981e-05
goal4,goal4,5,-3.969916674049782e-06,-1.0789023844884319e-05,2.849190496784755e-06
goal4,goal4,6,6.509746961135755e-07,-2.277095679962101e-07,1.529658960223361e-06
goal4,goal4,7,-9.565258408805408e-08,-2.1276946644470584e-07,2.1464298268597663e-08
goal4,goal4,8,1.331840471229226e-08,-2.5696343538225647e-09,2.9206443778407085e-08
goal4,goal4,9,-1.7518318560568465e-09,-3.924157387177309e-09,4.2049367506361577e-10
goal4,goal4,10,2.250735307655764e-10,-7.278067520678328e-11,5.229277367379361e-10
goal7,goal4,0,0.0,0.0,0.0
goal7,goal4,1,0.023549869477298792,-0.038377780171296554,0.08547751912589413
goal7,goal4,2,0.0005655062053070229,-0.01010015457035637,0.011231166980970417
goal7,goal4,3,-0.00032985742194835123,-0.001969711693094754,0.0013099968491980518
goal7,goal4,4,7.856121253679203e-05,-0.0001593128834372485,0.00031643530851083255
goal7,goal4,5,-1.2934763854336303e-05,-4.672039744438118e-05,2.0850869735708568e-05
goal7,goal4,6,1.949758057747935e-06,-2.7987017867416755e-06,6.698217902237545e-06
goal7,goal4,7,-2.7569983070250523e-07,-9.422595901544825e-07,3.908599287494721e-07
goal7,goal4,8,3.798690176496616e-08,-5.551659136873634e-08,1.3149039489866865e-07
goal7,goal4,9,-5.140016676849163e-09,-1.823549974229882e-08,7.955466388600492e-09
goal7,goal4,10,6.88512449566691e-10,-1.1402901194623687e-09,2.5173150185957508e-09
goal8,goal4,0,0.0,0.0,0.0
goal8,goal4,1,-0.006386051534976039,-0.08058295539358701,0.06781085232363493
goal8,goal4,2,-0.004024185201415781,-0.014643623236279752,0.00659525283344819
goal8,goal4,3,0.00015471814924797626,-0.001374233280101962,0.0016836695785979144
goal8,goal4,4,-2.1581454580775524e-05,-0.0002280368197511154,0.0001848739105895643
goal8,goal4,5,7.127341864095896e-07,-2.6373410010069726e-05,2.7798878382888907e-05
goal8,goal4,6,-1.6565722063365577e-08,-3.522796810386334e-06,3.4896653662596026e-06
goal8,goal4,7,-1.1917958064121573e-08,-4.655518138626312e-07,4.4171589773438805e-07
goal8,goal4,8,2.5440461728382856e-09,-5.6498351987377615e-08,6.158644433305419e-08
goal8,goal4,9,-4.547351699179214e-10,-8.179752958443695e-09,7.270282618607853e-09
goal8,goal4,10,7.094482212990992e-11,-9.429329475855658e-10,1.0848225918453857e-09
goal10,goal4,0,0.0,0.0,0.0
goal10,goal4,1,0.09139871726686168,0.07143031661099858,0.11136711792272477
goal10,goal4,2,-0.015775523612451065,-0.018864216086840066,-0.012686831138062063
goal10,goal4,3,0.001269573441117644,0.0008443916341015187,0.0016947552481337692
goal10,goal4,4,-9.112545864980599e-05,-0.00014647185548304051,-3.5779061816571465e-05
goal10,goal4,5,3.7664641674998854e-06,-3.235473478869345e-06,1.0768401813869117e-05
goal10,goal4,6,1.5123332527691152e-08,-8.573706750609934e-07,8.876173401163758e-07
goal10,goal4,7,-3.315197274750068e-08,-1.4236554161357017e-07,7.606159611856882e-08
goal10,goal4,8,5.298864446873559e-09,-8.517091588530556e-09,1.9114820482277675e-08
goal10,goal4,9,-6.907802082295485e-10,-2.4610705294710194e-09,1.0795101130119222e-09
goal10,goal4,10,8.487450152005068e-11,-1.4433126060036628e-10,3.140802636404676e-10
goal13,goal4,0,0.0,0.0,0.0
goal13,goal4,1,-0.052823844747336916,-0.13022350263432658,0.024575813139652757
goal13,goal4,2,0.011144195465312407,-0.0019713885520290103,0.024259779482653825
goal13,goal4,3,-0.0012660873953858388,-0.003202246263336259,0.000670071472564581
goal13,goal4,4,0.00015823746981173092,-0.00011194370536544179,0.0004284186449889036
goal13,goal4,5,-1.8295929508838175e-05,-5.49758784797795e-05,1.8384019462103155e-05
goal13,goal4,6,2.2061050826454217e-06,-2.718912310501731e-06,7.131122475792574e-06
goal13,goal4,7,-2.66039530099478e-07,-9.28092868116408e-07,3.96013807917452e-07
goal13,goal4,8,3.276797666893414e-08,-5.658484968988201e-08,1.221208030277503e-07
goal13,goal4,9,-4.065872644358026e-09,-1.6164629824641324e-08,8.032884535925272e-09
goal13,goal4,10,5.089101607155485e-10,-1.1314680586242713e-09,2.149288380055368e-09
goal16,goal4,0,0.0,0.0,0.0
goal16,goal4,1,0.07242225298580578,1.9542509122838503e-05,0.14482496346248871
goal16,goal4,2,0.00010058426897657262,-0.007274966550368528,0.007476135088321674
goal16,goal4,3,0.0002459029437325475,-0.0007312211559270991,0.0012230270433921941
goal16,goal4,4,2.4756707506967933e-06,-0.00011783327360391515,0.00012278461510530875
goal16,goal4,5,2.1632566277415385e-07,-1.5079881162734607e-05,1.5512532488282915e-05
goal16,goal4,6,8.431766404932154e-08,-1.8586479627274088e-06,2.0272832908260517e-06
goal16,goal4,7,-8.918524884686827e-09,-2.606229265854732e-07,2.427858768160995e-07
goal16,goal4,8,1.4986742686149834e-09,-3.141395351251793e-08,3.441130204974789e-08
goal16,goal4,9,-1.962134243830906e-10,-4.5238639038393325e-09,4.131437055073151e-09
goal16,goal4,10,2.8430955004305292e-11,-5.410779208296425e-10,5.97939830838253e-10
goal1,goal7,0,-0.0017832429758305967,-0.0017832429758305967,-0.0017832429758305967
goal1,goal7,1,-0.01959365643283023,-0.036655788644465254,-0.0025315242211952083
goal1,goal7,2,0.003308982791099291,0.0006309678757831106,0.005986997706415471
goal1,goal7,3,-0.00037115150364521533,-0.0007481697689977345,5.866761707303935e-06
goal1,goal7,4,4.369661565127317e-05,-8.609404902846147e-06,9.600263620539249e-05
goal1,goal7,5,-5.1749228521462806e-06,-1.2475994573277422e-05,2.126148868984861e-06
goal1,goal7,6,6.557366566557526e-07,-3.6972111792613246e-07,1.6811944312376375e-06
goal1,goal7,7,-8.514460531335097e-08,-2.295289422774189e-07,5.923973165071695e-08
goal1,goal7,8,1.12116273978757e-08,-9.105364062666344e-09,3.152861885841774e-08
goal1,goal7,9,-1.4709784348774492e-09,-4.321634654476593e-09,1.3796777847216948e-09
goal1,goal7,10,1.9173250267449957e-10,-2.0661722830368055e-10,5.900822336526797e-10
goal3,goal7,0,0.028838238163580096,0.028838238163580096,0.028838238163580096
goal3,goal7,1,0.025318310943233335,-0.017099654516831243,0.06773627640329791
goal3,goal7,2,-0.00451089698625283,-0.013844530535842458,0.004822736563336798
goal3,goal7,3,0.0008200859387033429,-0.0008440843846224819,0.0024842562620291677
goal3,goal7,4,-0.0001217682617357416,-0.0003922187154373851,0.0001486821919659019
goal3,goal7,5,1.7482610908669514e-05,-2.423841231309655e-05,5.9203634130435576e-05
goal3,goal7,6,-2.393100307304584e-06,-8.64659374377333e-06,3.860393129164162e-06
goal3,goal7,7,3.215584653362092e-07,-5.972621341597466e-07,1.2403790648321649e-06
goal3,goal7,8,-4.2475474209401626e-08,-1.7556079190116285e-07,9.060984348235962e-08
goal3,goal7,9,5.555365573499389e-09,-1.3502789255260017e-08,2.4613520402258796e-08
goal3,goal7,10,-7.20748799183663e-10,-3.424107893693249e-09,1.982610295325923e-09
goal4,goal7,0,-0.042126415290256757,-0.042126415290256757,-0.042126415290256757
goal4,goal7,1,0.016935641950039215,0.0012522904762508058,0.032618993423827625
goal4,goal7,2,-0.0016811863956922727,-0.0043298281303267815,0.0009674553389422361
goal4,goal7,3,0.00012215885249207637,-0.000264938693027144,0.0005092563980112967
goal4,goal7,4,9.213642170723892e-07,-5.2540230710605997e-05,5.4382959144750774e-05
goal4,goal7,5,-1.6279061008064482e-06,-8.919061920818935e-06,5.663249719206038e-06
goal4,goal7,6,3.464513988275395e-07,-6.447536320325214e-07,1.3376564296876003e-06
goal4,goal7,7,-5.501755636388912e-08,-1.901275822898125e-07,8.009246956203427e-08
goal4,goal7,8,7.938122804397629e-09,-1.0542938352506964e-08,2.641918396130222e-08
goal4,goal7,9,-1.0955445310031803e-09,-3.629148355617117e-09,1.4380592936107563e-09
goal4,goal7,10,1.4851390405426754e-10,-1.990039330079456e-10,4.960317411164807e-10
goal7,goal7,0,1.3654628599267513,1.3654628599267513,1.3654628599267513
goal7,goal7,1,-0.15853943704637483,-0.18997434045227884,-0.1271045336404708
goal7,goal7,2,0.018940391466010748,0.011478761283103291,0.026402021648918205
goal7,goal7,3,-0.002247980150333432,-0.0036053090914293564,-0.0008906512092375076
goal7,goal7,4,0.0002701142657713891,4.8153743908140056e-05,0.0004920747876346382
goal7,goal7,5,-3.26223398300671e-05,-6.691463297398662e-05,1.6699533138524197e-06
goal7,goal7,6,3.979011254556855e-06,-1.1409094530761312e-06,9.098931962189841e-06
goal7,goal7,7,-4.891096833124422e-07,-1.236492709751733e-06,2.582733431268486e-07
goal7,goal7,8,6.057384018249481e-08,-4.6840474623798804e-08,1.6798815498878842e-07
goal7,goal7,9,-7.544018643290615e-09,-2.280447195946612e-08,7.716434672884888e-09
goal7,goal7,10,9.436669017901414e-10,-1.2047364466672465e-09,3.0920702502475294e-09
goal8,goal7,0,0.0,0.0,0.0
goal8,goal7,1,-0.016012974648085244,-0.05367583637539911,0.021649887079228623
goal8,goal7,2,0.0009928445248292108,-0.006390436388339652,0.008376125437998073
goal8,goal7,3,-0.00013286887703260254,-0.001411885906259853,0.001146148152194648
goal8,goal7,4,1.3426168090097725e-05,-0.00018451298132705506,0.0002113653175072505
goal8,goal7,5,-1.9083847381831308e-06,-3.069403719274337e-05,2.6877267716377113e-05
goal8,goal7,6,2.691856795536274e-07,-3.7454985142493257e-06,4.283869873356581e-06
goal8,goal7,7,-4.063610494212318e-08,-5.845499517011502e-07,5.032777418169038e-07
goal8,goal7,8,6.036832066454826e-09,-6.616432905056187e-08,7.823799318347151e-08
goal8,goal7,9,-8.865329108843864e-10,-1.0331509755346409e-08,8.558443933577636e-09
goal8,goal7,10,1.271909122075412e-10,-1.09546623533769e-09,1.3498480597527724e-09
goal10,goal7,0,0.0,0.0,0.0
goal10,goal7,1,-0.02296946690474249,-0.03310556522833977,-0.01283336858114521
goal10,goal7,2,0.0044450880324778865,0.0022945628152373993,0.006595613249718374
goal10,goal7,3,-0.0007071553792023215,-0.0010568668116719391,-0.0003574439467327037
goal10,goal7,4,8.652431369790426e-05,3.522733059073414e-05,0.00013782129680507438
goal10,goal7,5,-9.562703778296509e-06,-1.667221650586228e-05,-2.453191050730738e-06
goal10,goal7,6,9.681354505503657e-07,1.3639414649032643e-08,1.922631486451699e-06
goal10,goal7,7,-9.468567247674547e-08,-2.203816158458398e-07,3.1010270892348864e-08
goal10,goal7,8,9.143094748267866e-09,-7.2117572593949055e-09,2.549794675593064e-08
goal10,goal7,9,-9.007590157302637e-10,-3.0138344060681497e-09,1.2123163746076224e-09
goal10,goal7,10,9.218737662735217e-11,-1.7980823264269885e-10,3.641829858974032e-10
goal13,goal7,0,0.0,0.0,0.0
goal13,goal7,1,0.01572051854947146,-0.023568083280789107,0.05500912037973203
goal13,goal7,2,-0.0018508477293285302,-0.010983028996416273,0.007281333537759212
goal13,goal7,3,0.0002536271549052793,-0.0013636120168835232,0.0018708663266940818
goal13,goal7,4,-2.7560470804458218e-05,-0.00028471466021211586,0.0002295937186031994
goal13,goal7,5,2.753394245986363e-06,-3.5678230041222934e-05,4.1185018533195655e-05
goal13,goal7,6,-2.1123705550360885e-07,-5.745295870403055e-06,5.322821759395838e-06
goal13,goal7,7,7.585255268132121e-09,-7.696581769817243e-07,7.848286875179886e-07
goal13,goal7,8,1.639579338304002e-09,-1.0569886172657916e-07,1.0897802040318717e-07
goal13,goal7,9,-5.384579876501912e-10,-1.5189368084711007e-08,1.4112452109410623e-08
goal13,goal7,10,1.0959096961130091e-10,-1.873787193231642e-09,2.092969132454244e-09
goal16,goal7,0,0.0,0.0,0.0
goal16,goal7,1,0.018460271593544957,-0.018291845160038116,0.05521238834712803
goal16,goal7,2,-0.0006731200699130762,-0.005999886526778813,0.00465364638695266
goal16,goal7,3,9.127290283482035e-05,-0.000765839178353955,0.0009483849840235957
goal16,goal7,4,-3.6835575526916655e-06,-0.0001267743250875717,0.00011940720998218838
goal16,goal7,5,2.2396756298104005e-07,-1.6987299153795118e-05,1.74352342797572e-05
goal16,goal7,6,2.9709096540782394e-08,-2.3016435318444183e-06,2.3610617249259834e-06
goal16,goal7,7,-8.898233103687493e-09,-3.189831675450432e-07,3.011867013376682e-07
goal16,goal7,8,1.8484217799518692e-09,-3.880516192202594e-08,4.250200548192968e-08
goal16,goal7,9,-3.126769257144021e-10,-5.589468534882172e-09,4.964114683453368e-09
goal16,goal7,10,4.870868265811617e-11,-6.310824974501825e-10,7.284998627664149e-10
goal1,goal8,0,0.03417533287447218,0.03417533287447218,0.03417533287447218
goal1,goal8,1,-0.0006323345113561654,-0.014760418074868052,0.01349574905215572
goal1,goal8,2,-0.001588143580456987,-0.003493315472155684,0.00031702831124170994
goal1,goal8,3,0.000198089185122579,-5.8782486147167967e-05,0.000454960856392326
goal1,goal8,4,-3.2290844571152764e-05,-6.801409423300274e-05,3.4324050906972098e-06
goal1,goal8,5,4.354462669506975e-06,-6.63955203165053e-07,9.372880542179003e-06
goal1,goal8,6,-6.045020800453527e-07,-1.3165873956045917e-06,1.0758323551388642e-07
goal1,goal8,7,8.058349816642978e-08,-2.0328323375759858e-08,1.8149531970861942e-07
goal1,goal8,8,-1.0688276183732032e-08,-2.495454325033715e-08,3.5779908828730875e-09
goal1,goal8,9,1.3959556960518552e-09,-6.124721745420097e-10,3.4043835666457203e-09
goal1,goal8,10,-1.8092862146183865e-10,-4.6246979314781406e-10,1.0061255022413672e-10
goal3,goal8,0,0.08553211608604534,0.08553211608604534,0.08553211608604534
goal3,goal8,1,-0.053359636193162606,-0.08848329794777546,-0.018235974438549747
goal3,goal8,2,0.0061305367116290255,-0.0006932429260837593,0.01295431634934181
goal3,goal8,3,-0.0010178319366978585,-0.002175702652484055,0.000140038779088338
goal3,goal8,4,0.00013651859831023444,-4.818894544441905e-05,0.00032122614206488793
goal3,goal8,5,-1.893908522778597e-05,-4.721269332275043e-05,9.334522867178495e-06
goal3,goal8,6,2.505497182751952e-06,-1.7335609536398503e-06,6.744555319143754e-06
goal3,goal8,7,-3.2994775940458506e-07,-9.55190793055809e-07,2.9529527424663885e-07
goal3,goal8,8,4.276549767999745e-08,-4.8292584594683595e-08,1.338235799546785e-07
goal3,goal8,9,-5.507398113746278e-09,-1.8625342372270047e-08,7.610546144777489e-09
goal3,goal8,10,7.042533438465301e-10,-1.1678179272316034e-09,2.5763246149246633e-09
goal4,goal8,0,-0.010539325103180888,-0.010539325103180888,-0.010539325103180888
goal4,goal8,1,-0.0016611392816975876,-0.014647540830415683,0.011325262267020507
goal4,goal8,2,-0.0008330205977200384,-0.0027127536019264675,0.001046712406486391
goal4,goal8,3,7.942493234213544e-05,-0.00018487648884156304,0.0003437263535258339
goal4,goal8,4,-1.5802663364580923e-05,-5.218872569866103e-05,2.058339896949918e-05
goal4,goal8,5,2.2608693934781536e-06,-2.7444564106724084e-06,7.2661951976287155e-06
goal4,goal8,6,-3.421233222407966e-07,-1.0344120138691668e-06,3.501653693875735e-07
goal4,goal8,7,4.832591627650917e-08,-4.744511209683571e-08,1.4409694464985406e-07
goal4,goal8,8,-6.771399588911364e-09,-2.0026008441186242e-08,6.483209263363514e-09
goal4,goal8,9,9.290891839510146e-10,-9.02047322214645e-10,2.7602256901166744e-09
goal4,goal8,10,-1.263596888910977e-10,-3.7881086524346643e-10,1.2609148746127105e-10
goal7,goal8,0,-0.05530696174442657,-0.05530696174442657,-0.05530696174442657
goal7,goal8,1,0.01933740864070244,-0.006691866986800046,0.04536668426820492
goal7,goal8,2,-0.004804344520128225,-0.01019711748214212,0.0005884284418856715
goal7,goal8,3,0.0007851768457904063,-0.00015901242264575405,0.0017293661142265665
goal7,goal8,4,-0.00012188271088218593,-0.000273135935024464,2.9370513260092087e-05
goal7,goal8,5,1.755020824499294e-05,-5.628041684986447e-06,4.072845817497232e-05
goal7,goal8,6,-2.4518576747723655e-06,-5.911928735163942e-06,1.0082133856192117e-06
goal7,goal8,7,3.3310513986701953e-07,-1.7420198825671146e-07,8.404122679907505e-07
goal7,goal8,8,-4.448163106103048e-08,-1.1788572058914976e-07,2.8922458467088794e-08
goal7,goal8,9,5.856916344739578e-09,-4.65116667521261e-09,1.6364999364691767e-08
goal7,goal8,10,-7.633808803648336e-10,-2.2542072135863375e-09,7.274454528566702e-10
goal8,goal8,0,1.1262835826314876,1.1262835826314876,1.1262835826314876
goal8,goal8,1,-0.0811609937183456,-0.11234725175013083,-0.049974735686560384
goal8,goal8,2,0.009910158988180448,0.004534283511935175,0.01528603446442572
goal8,goal8,3,-0.0009297462898525277,-0.0018163144932518958,-4.317808645315968e-05
goal8,goal8,4,9.756820731932891e-05,-3.697906613238833e-05,0.00023211548077104615
goal8,goal8,5,-9.147450871348009e-06,-2.8571262100811027e-05,1.0276360358115011e-05
goal8,goal8,6,8.507691027885985e-07,-1.8760939120653847e-06,3.577632117642582e-06
goal8,goal8,7,-7.080078180405412e-08,-4.4590104612856083e-07,3.042994825204526e-07
goal8,goal8,8,5.075349178494834e-09,-4.5846441057284326e-08,5.5997139414274e-08
goal8,goal8,9,-2.1211968922474136e-10,-7.054033404431328e-09,6.629794025981845e-09
goal8,goal8,10,-1.880448099517903e-11,-9.307527870827264e-10,8.931438250923684e-10
goal10,goal8,0,0.0,0.0,0.0
goal10,goal8,1,0.01797518343654871,0.009582114953226233,0.026368251919871185
goal10,goal8,2,-0.000724681138786632,-0.002286019676623227,0.000836657399049963
goal10,goal8,3,0.00011699328117606653,-0.00012582663978253953,0.00035981320213467256
goal10,goal8,4,-6.800859870965654e-06,-4.184850829786308e-05,2.8246788555931775e-05
goal10,goal8,5,5.62148922734011e-07,-4.29993114390952e-06,5.424228989377543e-06
goal10,goal8,6,-7.639248195120962e-09,-6.692613707816082e-07,6.539828743913663e-07
goal10,goal8,7,-3.209603166929937e-09,-9.220863794803946e-08,8.57894316141796e-08
goal10,goal8,8,8.043751456582777e-10,-1.1070583273187316e-08,1.2679333564503871e-08
goal10,goal8,9,-1.1713782216750823e-10,-1.6922330829733627e-09,1.4579574386383463e-09
goal10,goal8,10,1.4090404405148132e-11,-1.938889683907237e-10,2.2206977720101994e-10
goal13,goal8,0,0.0,0.0,0.0
goal13,goal8,1,-0.03404938002541376,-0.06658181166212043,-0.0015169483887070775
goal13,goal8,2,0.003849558828536015,-0.0027653847709410598,0.010464502428013089
goal13,goal8,3,-0.0005453014986822464,-0.0016674519537197125,0.0005768489563552198
goal13,goal8,4,6.278884723888869e-05,-0.00011188200346860137,0.00023745969794637873
goal13,goal8,5,-7.322055940635289e-06,-3.322747196533329e-05,1.8583360084062714e-05
goal13,goal8,6,7.829660922378105e-07,-2.956244212217942e-06,4.522176396693563e-06
goal13,goal8,7,-7.951506465165294e-08,-6.09407448378893e-07,4.503773190755872e-07
goal13,goal8,8,7.247248769719403e-09,-6.688070461041379e-08,8.13752021498526e-08
goal13,goal8,9,-5.494592539625413e-10,-1.0817327729108162e-08,9.71840922118308e-09
goal13,goal8,10,2.2054551665823222e-11,-1.3891150418830408e-09,1.4332241452146872e-09
goal16,goal8,0,0.0,0.0,0.0
goal16,goal8,1,-0.05035822338703875,-0.08079035052039248,-0.01992609625368502
goal16,goal8,2,0.002765521918732058,-0.0011115416544840114,0.0066425854919481275
goal16,goal8,3,-0.00040387357019411926,-0.0009924170151569254,0.0001846698747686869
goal16,goal8,4,3.1044060929898066e-05,-5.2426521444967645e-05,0.00011451464330476378
goal16,goal8,5,-3.1770900905989127e-06,-1.4812610932256822e-05,8.458430751058995e-06
goal16,goal8,6,2.4070503403568743e-07,-1.3605659355577707e-06,1.8419760036291454e-06
goal16,goal8,7,-1.7530665480887146e-08,-2.3478970587782777e-07,1.9972837491605346e-07
goal16,goal8,8,5.925754943420407e-10,-2.8652222074301226e-08,2.9837373062985305e-08
goal16,goal8,9,8.276745066162247e-11,-3.820227165645508e-09,3.985762066968752e-09
goal16,goal8,10,-2.76278563002724e-11,-5.452382122657065e-10,4.899824996651617e-10
goal1,goal10,0,0.5907722721629838,0.5907722721629838,0.5907722721629838
goal1,goal10,1,0.052061700152611204,-0.000355225937451506,0.10447862624267391
goal1,goal10,2,-0.007923039018278068,-0.014495873991708076,-0.001350204044848059
goal1,goal10,3,0.0007210387825898755,1.6732707852482238e-05,0.001425344857327269
goal1,goal10,4,-4.8407985195484335e-05,-0.00012707598664615688,3.02600162551882e-05
goal1,goal10,5,2.2231949981515283e-06,-7.256392724733585e-06,1.170278272103664e-05
goal1,goal10,6,3.736913558315411e-09,-1.1769232544320581e-06,1.184397081548689e-06
goal1,goal10,7,-1.6954628154985052e-08,-1.6724670265401936e-07,1.3333744634404927e-07
goal1,goal10,8,2.900338632043703e-09,-1.6661804733630473e-08,2.2462481997717882e-08
goal1,goal10,9,-3.925510938708867e-10,-2.9776628283904763e-09,2.192560640648703e-09
goal1,goal10,10,5.103493915449553e-11,-2.9213947282925977e-10,3.9420935113825085e-10
goal3,goal10,0,0.022637984973453266,0.022637984973453266,0.022637984973453266
goal3,goal10,1,0.015165339481341161,-0.11514776164999585,0.14547844061267817
goal3,goal10,2,-0.0010898104055107282,-0.025827057392118,0.02364743658109654
goal3,goal10,3,9.520989643289755e-05,-0.0035587268061641588,0.003749146599029954
goal3,goal10,4,-1.1175769167146434e-05,-0.0005073859632612713,0.00048503442492697844
goal3,goal10,5,2.1101302635797827e-06,-6.327663674798715e-05,6.749689727514671e-05
goal3,goal10,6,-3.8722357782697775e-07,-9.031490657599598e-06,8.257043501945643e-06
goal3,goal10,7,6.558204357857611e-08,-1.0808966496271304e-06,1.2120607367842825e-06
goal3,goal10,8,-1.0206772975389192e-08,-1.6228402991992143e-07,1.4187048396914303e-07
goal3,goal10,9,1.5004087712456431e-09,-1.861135934718375e-08,2.1612176889675033e-08
goal3,goal10,10,-2.1187286913459558e-10,-2.8607597057565338e-09,2.4370139674873427e-09
goal4,goal10,0,-0.13103341471651458,-0.13103341471651458,-0.13103341471651458
goal4,goal10,1,-0.052239425762707896,-0.10042057128714911,-0.004058280238266682
goal4,goal10,2,0.009803505227243752,0.0032165805597810845,0.016390429894706418
goal4,goal10,3,-0.0010328654722582104,-0.0017750386702089747,-0.00029069227430744617
goal4,goal10,4,8.52059618822428e-05,4.984793628935456e-06,0.00016542713013555012
goal4,goal10,5,-5.930886476671701e-06,-1.5096948817569712e-05,3.2351758642263082e-06
goal4,goal10,6,3.797977829225263e-07,-7.111614669800594e-07,1.4707570328251121e-06
goal4,goal10,7,-2.6491494218830708e-08,-1.6043014760265665e-07,1.0744715916499523e-07
goal4,goal10,8,2.611276992347404e-09,-1.4283266169513284e-08,1.950582015420809e-08
goal4,goal10,9,-3.5199129634689397e-10,-2.525838404053832e-09,1.821855811360044e-09
goal4,goal10,10,5.158623692589428e-11,-2.310630143488861e-10,3.3423548820067464e-10
goal7,goal10,0,0.008186775572015772,0.008186775572015772,0.008186775572015772
goal7,goal10,1,0.027315570782469482,-0.06925624029234545,0.12388738185728443
goal7,goal10,2,-0.004730857856440646,-0.024452258238973273,0.014990542526091982
goal7,goal10,3,0.0006052172588089744,-0.0023801134460307545,0.003590547963648703
goal7,goal10,4,-6.337619594194463e-05,-0.00046850360077633796,0.00034175120889244864
goal7,goal10,5,5.596577372981534e-06,-4.734484665192761e-05,5.853800139789068e-05
goal7,goal10,6,-3.8399208020017725e-07,-7.25959804406436e-06,6.491613883664006e-06
goal7,goal10,7,1.1282995446391388e-08,-8.848781551890275e-07,9.074441460818103e-07
goal7,goal10,8,2.5963185458934903e-09,-1.1464304060595084e-07,1.1983567769773781e-07
goal7,goal10,9,-7.499593315214531e-10,-1.6105871181664116e-08,1.460595251862121e-08
goal7,goal10,10,1.389495717589813e-10,-1.8703389051358458e-09,2.148238048653808e-09
goal8,goal10,0,0.12172999866302026,0.12172999866302026,0.12172999866302026
goal8,goal10,1,0.0367430274523362,-0.07896182203620744,0.15244787694087983
goal8,goal10,2,-0.005853520303234841,-0.025095775246144238,0.013388734639674556
goal8,goal10,3,0.0007208261260724312,-0.0020254100211752695,0.0034670622733201316
goal8,goal10,4,-8.546577518512739e-05,-0.00042873805120463506,0.00025780650083438033
goal8,goal10,5,9.626957760516152e-06,-3.0211054846902864e-05,4.946497036793517e-05
goal8,goal10,6,-1.061615559915433e-06,-5.511140441718324e-06,3.387909321887458e-06
goal8,goal10,7,1.1449659195924564e-07,-3.732672880752722e-07,6.022604719937634e-07
goal8,goal10,8,-1.2176573351791936e-08,-6.54334518229428e-08,4.108030511935893e-08
goal8,goal10,9,1.2742020497466849e-09,-4.5633990902396335e-09,7.111803189733004e-09
goal8,goal10,10,-1.309481636491249e-10,-7.787946231943263e-10,5.168982958960766e-10
goal10,goal10,0,4.152102238106017,4.152102238106017,4.152102238106017
goal10,goal10,1,-0.36229765492041355,-0.39343697034004793,-0.33115833950077916
goal10,goal10,2,0.02438418552225901,0.018740333804965998,0.03002803723955202
goal10,goal10,3,-0.0012119580974528485,-0.0019668666718831874,-0.0004570495230225096
goal10,goal10,4,2.680889997028451e-05,-6.344422869541178e-05,0.0001170620286359808
goal10,goal10,5,2.5611541217720604e-06,-7.720437521197051e-06,1.284274576474117e-05
goal10,goal10,6,-4.15215016334707e-07,-1.556870509125913e-06,7.264404764564992e-07
goal10,goal10,7,3.2553368322307675e-08,-9.125089437887449e-08,1.5635763102348985e-07
goal10,goal10,8,-1.2088966863829472e-09,-1.4276387769745007e-08,1.1858594396979112e-08
goal10,goal10,9,-1.000585858282006e-10,-1.4584918196941928e-09,1.2583746480377918e-09
goal10,goal10,10,2.7967679387798543e-11,-1.143968087131822e-10,1.703321674887793e-10
goal13,goal10,0,0.0,0.0,0.0
goal13,goal10,1,-0.02420227847485289,-0.14490159745647063,0.09649704050676486
goal13,goal10,2,0.0034803958147895655,-0.02065744427630989,0.02761823590588902
goal13,goal10,3,-0.00046808155636384727,-0.003991934001419593,0.0030557708886918985
goal13,goal10,4,6.066795076182645e-05,-0.00039438991619087423,0.0005157258177145271
goal13,goal10,5,-7.182151758292746e-06,-6.26183050088486e-05,4.825400149226311e-05
goal13,goal10,6,7.988929233242816e-07,-5.82981969427009e-06,7.427605540918653e-06
goal13,goal10,7,-8.501534184466381e-08,-8.767065943038883e-07,7.066759106145607e-07
goal13,goal10,8,8.912700547876298e-09,-8.621740432224942e-08,1.04042805418002e-07
goal13,goal10,9,-9.425953383801206e-10,-1.2469072058113248e-08,1.0583881381353007e-08
goal13,goal10,10,1.0284137072095799e-10,-1.3068979414004544e-09,1.5125806828423703e-09
goal16,goal10,0,0.0,0.0,0.0
goal16,goal10,1,0.0037029197129001025,-0.10920401147429609,0.11660985090009629
goal16,goal10,2,-0.0018756660017208958,-0.014980764308122974,0.011229432304681182
goal16,goal10,3,0.000358759057232023,-0.0012986377502547343,0.00201615586471878
goal16,goal10,4,-4.4102160879371943e-05,-0.00022730339454119216,0.00013909907278244829
goal16,goal10,5,4.876931097846425e-06,-1.490879332650193e-05,2.4662655522194782e-05
goal16,goal10,6,-4.953974717106172e-07,-2.6028685776114713e-06,1.6120736341902369e-06
goal16,goal10,7,4.953783403464944e-08,-1.766688915738176e-07,2.7574455964311646e-07
goal16,goal10,8,-4.910991201431336e-09,-2.944387923582517e-08,1.9621896832962494e-08
goal16,goal10,9,4.899074962742275e-10,-2.207278002040692e-09,3.187092994589147e-09
goal16,goal10,10,-4.8655136946988897e-11,-3.499395201434054e-10,2.5262924624942766e-10
goal1,goal13,0,-0.10018730553559398,-0.10018730553559398,-0.10018730553559398
goal1,goal13,1,-0.00806530322077888,-0.02179024576238135,0.0056596393208235875
goal1,goal13,2,0.0011831513635729388,-0.0007730684161108348,0.0031393711432567122
goal1,goal13,3,-0.0001407995904796442,-0.0004054481584819193,0.00012384897752263093
goal1,goal13,4,1.7006784667980046e-05,-1.8920762689112327e-05,5.293433202507242e-05
goal1,goal13,5,-2.2799923062367855e-06,-7.254805744813242e-06,2.6948211323396712e-06
goal1,goal13,6,3.2205229530091503e-07,-3.738275384030822e-07,1.0179321290049124e-06
goal1,goal13,7,-4.6250529527685526e-08,-1.4412736596580222e-07,5.162630691043117e-08
goal1,goal13,8,6.573702660569907e-09,-7.2027773798624876e-09,2.0350182701002302e-08
goal1,goal13,9,-9.189180421280979e-10,-2.854971244176993e-09,1.0171351599207975e-09
goal1,goal13,10,1.2630933367034362e-10,-1.449688903100239e-10,3.9758755765071117e-10
goal3,goal13,0,-0.02803955739561586,-0.02803955739561586,-0.02803955739561586
goal3,goal13,1,0.006875793367695087,-0.027245624251731215,0.04099721098712139
goal3,goal13,2,-0.0020693818385343044,-0.009118424040750646,0.004979660363682036
goal3,goal13,3,0.00038653006959430753,-0.0008220750650119542,0.0015951352042005691
goal3,goal13,4,-6.385863113549034e-05,-0.00025559960686352484,0.00012788234459254418
goal3,goal13,5,9.714784692279674e-06,-1.937979768357463e-05,3.880936706813397e-05
goal3,goal13,6,-1.4188618846094744e-06,-5.732514279632857e-06,2.894790510413908e-06
goal3,goal13,7,2.0119818128114833e-07,-4.28039661536326e-07,8.304360240986227e-07
goal3,goal13,8,-2.796984385673951e-08,-1.186995467606075e-07,6.275985904712847e-08
goal3,goal13,9,3.828567897142081e-09,-9.131932895502242e-09,1.6789068689786403e-08
goal3,goal13,10,-5.178255836273323e-10,-2.3548392729083116e-09,1.3191881056536472e-09
goal4,goal13,0,-0.01909214543948761,-0.01909214543948761,-0.01909214543948761
goal4,goal13,1,-0.008608148315175573,-0.02122398642776016,0.004007689797409016
goal4,goal13,2,0.0013829378305854892,-0.0005643522427713629,0.003330227903942341
goal4,goal13,3,-0.00022559050649706124,-0.0004988535727650146,4.7672559770892115e-05
goal4,goal13,4,3.3672174610716035e-05,-3.0548373693805697e-06,7.039918659081264e-05
goal4,goal13,5,-4.702827318497159e-06,-9.65087004012303e-06,2.452154031287116e-07
goal4,goal13,6,6.23657017844773e-07,-4.498191185779304e-08,1.2922959475473388e-06
goal4,goal13,7,-8.060480895014548e-08,-1.7171665517895582e-07,1.0507037278664884e-08
goal4,goal13,8,1.0301820155218118e-08,-2.1907937397286245e-09,2.2794434050164863e-08
goal4,goal13,9,-1.314896292040757e-09,-3.0348073475087613e-09,4.0501476342724723e-10
goal4,goal13,10,1.6825181536309722e-10,-6.890330947636433e-11,4.0540694020255876e-10
goal7,goal13,0,0.232027056903937,0.232027056903937,0.232027056903937
goal7,goal13,1,-0.035526647973065185,-0.060813185300014685,-0.010240110646115685
goal7,goal13,2,0.004861551990309359,-0.0007746486750171032,0.010497752655635822
goal7,goal13,3,-0.0006625727014327883,-0.0016496760033711114,0.0003245306005055348
goal7,goal13,4,9.004802851265132e-05,-6.73392000297471e-05,0.0002474352570550497
goal7,goal13,5,-1.2278499429693622e-05,-3.6174640179678206e-05,1.1617641320290961e-05
goal7,goal13,6,1.6752665878057747e-06,-1.84973046862925e-06,5.2002636442407994e-06
goal7,goal13,7,-2.2836685609786042e-07,-7.388926510823721e-07,2.8215893888665126e-07
goal7,goal13,8,3.1027590388013306e-08,-4.200008775373556e-08,1.0405526852976218e-07
goal7,goal13,9,-4.196019802029807e-09,-1.4548508381575476e-08,6.156468777515862e-09
goal7,goal13,10,5.643627000005279e-10,-8.929207372361435e-10,2.021646137237199e-09
goal8,goal13,0,-0.03246304471745905,-0.03246304471745905,-0.03246304471745905
goal8,goal13,1,-0.0029361671859388073,-0.03323253382686793,0.027360199454990314
goal8,goal13,2,6.107720254896981e-05,-0.005471536001505938,0.0055936904066038766
goal8,goal13,3,5.014493955384281e-05,-0.0008746482668890197,0.0009749381459967053
goal8,goal13,4,-1.0494210337599978e-05,-0.00014955364448313117,0.0001285652238079312
goal8,goal13,5,1.6335355410358877e-06,-1.8174664739541267e-05,2.1441735821613042e-05
goal8,goal13,6,-2.1370241222354767e-07,-2.93423106334808e-06,2.5068262389009847e-06
goal8,goal13,7,2.5217477373584523e-08,-3.398137671196651e-07,3.9024872186683415e-07
goal8,goal13,8,-2.676545793367796e-09,-5.09264684767869e-08,4.557337689005131e-08
goal8,goal13,9,2.492651303142683e-10,-6.07097339452902e-09,6.569503655157556e-09
goal8,goal13,10,-1.8099086772413517e-11,-8.41936197925023e-10,8.057380243801961e-10
goal10,goal13,0,0.006874682352350452,0.006874682352350452,0.006874682352350452
goal10,goal13,1,-0.020259295150998793,-0.02841286970790785,-0.012105720594089738
goal10,goal13,2,0.004058270780949234,0.002440574101043911,0.005675967460854557
goal10,goal13,3,-0.0005751735781479378,-0.0008273201210382258,-0.00032302703525764986
goal10,goal13,4,7.108350775018173e-05,3.518216227600229e-05,0.00010698485322436116
goal10,goal13,5,-8.102894687030555e-06,-1.2976481655892117e-05,-3.2293077181689932e-06
goal10,goal13,6,8.921546468894525e-07,2.469365763112067e-07,1.5373727174676983e-06
goal10,goal13,7,-9.716336117678765e-08,-1.8146827098075872e-07,-1.2858451372816605e-08
goal10,goal13,8,1.0655191997034673e-08,-2.887751375553229e-10,2.159915913162467e-08
goal10,goal13,9,-1.1852852403637885e-09,-2.6038369872641316e-09,2.3326650653655437e-10
goal10,goal13,10,1.340713940728933e-10,-5.0082932400226876e-11,3.1822572054601345e-10
goal13,goal13,0,1.0686563034716363,1.0686563034716363,1.0686563034716363
goal13,goal13,1,-0.10878702104445195,-0.14039114859262025,-0.07718289349628367
goal13,goal13,2,0.011948359481341403,0.005052204341516386,0.01884451462116642
goal13,goal13,3,-0.0013408511674642212,-0.0025136355249055055,-0.00016806681002293667
goal13,goal13,4,0.00015146810077368075,-2.996889237821647e-05,0.00033290509392557797
goal13,goal13,5,-1.731065367599156e-05,-4.3894883541639744e-05,9.273576189656626e-06
goal13,goal13,6,1.9984343854701146e-06,-1.7769773776356776e-06,5.773846148575907e-06
goal13,goal13,7,-2.3334624818870338e-07,-7.588888607076996e-07,2.9219636433029285e-07
goal13,goal13,8,2.7551465087812894e-08,-4.469218063137466e-08,9.979511080700045e-08
goal13,goal13,9,-3.291333154306461e-09,-1.3144555550397132e-08,6.561889241784211e-09
goal13,goal13,10,3.978692805371793e-10,-9.396411000154325e-10,1.735379661089791e-09
goal16,goal13,0,0.0,0.0,0.0
goal16,goal13,1,0.005867206365397393,-0.023696548297177437,0.03543096102797222
goal16,goal13,2,-0.000958980679225172,-0.004841767473850374,0.0029238061154000304
goal16,goal13,3,0.00011237510407057974,-0.0004975894890541202,0.0007223396971952796
goal16,goal13,4,-1.4457869926871633e-05,-9.934023166449977e-05,7.042449181075651e-05
goal16,goal13,5,1.7281208445600646e-06,-9.96159726175472e-06,1.341783895087485e-05
goal16,goal13,6,-2.0250747609832873e-07,-1.7660356609179164e-06,1.361020708721259e-06
goal16,goal13,7,2.240592038112597e-08,-1.8449900246361922e-07,2.2931084322587115e-07
goal16,goal13,8,-2.3604244163765645e-09,-2.9481655025042934e-08,2.4760806192289807e-08
goal16,goal13,9,2.3191346206926976e-10,-3.3087340585606126e-09,3.772560982699152e-09
goal16,goal13,10,-2.066864432880406e-11,-4.818661022072875e-10,4.405288135496794e-10
goal1,goal16,0,-0.009681406129141772,-0.009681406129141772,-0.009681406129141772
goal1,goal16,1,0.026173590211278693,0.011766043546186844,0.04058113687637054
goal1,goal16,2,-0.0012303067218907985,-0.0029719549893145944,0.0005113415455329977
goal1,goal16,3,0.0002229925574595773,1.8642653270902897e-07,0.0004457986883864456
goal1,goal16,4,-1.9557897857255808e-05,-5.016976575564676e-05,1.1053970041135146e-05
goal1,goal16,5,2.8466412255964145e-06,-1.4633608432299997e-06,7.156643294422829e-06
goal1,goal16,6,-3.8562639898472763e-07,-9.886342630807767e-07,2.173814651113215e-07
goal1,goal16,7,5.7544382319647005e-08,-2.739073050993903e-08,1.4247949514923303e-07
goal1,goal16,8,-8.22398126987789e-09,-2.01796583154223e-08,3.731695775666521e-09
goal1,goal16,9,1.1551242361357816e-09,-5.285615738615345e-10,2.8388100461330978e-09
goal1,goal16,10,-1.5738798401193778e-10,-3.9397748549679473e-10,7.92015174729192e-11
goal3,goal16,0,0.0042079596347358705,0.0042079596347358705,0.0042079596347358705
goal3,goal16,1,0.036565111818246475,0.0007466801460674077,0.07238354349042554
goal3,goal16,2,0.002006620467842601,-0.004071146434225837,0.00808438736991104
goal3,goal16,3,-0.0003148343822044572,-0.0013020665719426874,0.0006723978075337728
goal3,goal16,4,7.919613588803344e-05,-7.573867176896851e-05,0.00023413094354503538
goal3,goal16,5,-1.2086719526832793e-05,-3.572489270051282e-05,1.1551453646847236e-05
goal3,goal16,6,1.8420881007607624e-06,-1.6903049702827338e-06,5.374481171804259e-06
goal3,goal16,7,-2.5893298523032587e-07,-7.787838272491032e-07,2.6091785678845155e-07
goal3,goal16,8,3.5718505638464446e-08,-3.9894398401160985e-08,1.1133140967808988e-07
goal3,goal16,9,-4.800274728477292e-09,-1.5696280742657167e-08,6.095731285702581e-09
goal3,goal16,10,6.365477023049686e-10,-9.213563770716095e-10,2.1944517816815466e-09
goal4,goal16,0,-0.01075080570422303,-0.01075080570422303,-0.01075080570422303
goal4,goal16,1,-0.005704021097643149,-0.018947302501215773,0.007539260305929475
goal4,goal16,2,0.002485068737936269,0.0008123117418807949,0.004157825733991743
goal4,goal16,3,-9.868047849496523e-05,-0.00032584119510520174,0.0001284802381152713
goal4,goal16,4,2.1412267881657602e-06,-2.8903170718912793e-05,3.318562429524431e-05
goal4,goal16,5,1.4536970808948595e-06,-2.8457081578389984e-06,5.7531023196287175e-06
goal4,goal16,6,-2.793827707337087e-07,-8.692476192134881e-07,3.1048207774607067e-07
goal4,goal16,7,4.451666857157128e-08,-3.6821236255335466e-08,1.2585457339847802e-07
goal4,goal16,8,-6.237471227069121e-09,-1.7458851385976023e-08,4.983908931837781e-09
goal4,goal16,9,8.563298206451523e-10,-6.959603134529122e-10,2.408619954743217e-09
goal4,goal16,10,-1.1586826349729622e-10,-3.305638247675565e-10,9.882729777296403e-11
goal7,goal16,0,0.004561103564564742,0.004561103564564742,0.004561103564564742
goal7,goal16,1,0.025928406751381042,-0.0006157456508829144,0.052472559153645
goal7,goal16,2,-0.003953289793194838,-0.008586936681909121,0.0006803570955194443
goal7,goal16,3,0.0007125561265168957,-8.618064736730716e-05,0.0015112929004010987
goal7,goal16,4,-0.00010440692830589175,-0.00023076924466567333,2.1955388053889805e-05
goal7,goal16,5,1.5208118549804277e-05,-4.1148731691349135e-06,3.453111026874347e-05
goal7,goal16,6,-2.1232534713533605e-06,-4.99982447862247e-06,7.533175359157496e-07
goal7,goal16,7,2.9279141856721e-07,-1.2835140025016849e-07,7.139342373845884e-07
goal7,goal16,8,-3.9700367796775974e-08,-1.0059092685777565e-07,2.11901912642237e-08
goal7,goal16,9,5.323289506688635e-09,-3.4019417091110984e-09,1.4048520722488367e-08
goal7,goal16,10,-7.060466593956192e-10,-1.9471501174811647e-09,5.350567986899264e-10
goal8,goal16,0,0.1495692045106447,0.1495692045106447,0.1495692045106447
goal8,goal16,1,-0.09673027028863687,-0.1285334137144712,-0.06492712686280255
goal8,goal16,2,0.007995932832162845,0.003145818068663494,0.012846047595662196
goal8,goal16,3,-0.0010820994727361577,-0.0018395103533955363,-0.00032468859207677916
goal8,goal16,4,0.00010872049404837235,-4.063357055800011e-06,0.0002215043451525447
goal8,goal16,5,-1.2220640298541738e-05,-2.8496108878356952e-05,4.054828281273476e-06
goal8,goal16,6,1.2451883033799523e-06,-1.0366090796493435e-06,3.526985686409248e-06
goal8,goal16,7,-1.2717185451789304e-07,-4.417647484098244e-07,1.8742103937403834e-07
goal8,goal16,8,1.2136246422057278e-08,-3.0712782295213463e-08,5.498527513932802e-08
goal8,goal16,9,-1.0920295396162885e-09,-6.8886627670887165e-09,4.704603687856139e-09
goal8,goal16,10,8.618479950466658e-11,-6.94315245740859e-10,8.666848447501921e-10
goal10,goal16,0,-0.00752732535492257,-0.00752732535492257,-0.00752732535492257
goal10,goal16,1,-0.012331396508462508,-0.020890485594620326,-0.0037723074223046903
goal10,goal16,2,-0.004066784211973121,-0.005446688981279168,-0.0026868794426670737
goal10,goal16,3,0.0005714774042274577,0.0003637432383661363,0.0007792115700887792
goal10,goal16,4,-7.988973328138622e-05,-0.00010964543011133583,-5.0134036451436614e-05
goal10,goal16,5,8.176696512027554e-06,4.031266899649083e-06,1.2322126124406026e-05
goal10,goal16,6,-8.07591502577647e-07,-1.3725622699532128e-06,-2.4262073520208137e-07
goal10,goal16,7,7.211642615378215e-08,-3.9911575843480055e-09,1.482240098919123e-07
goal10,goal16,8,-6.380364655715638e-09,-1.655444868758813e-08,3.7937193761568545e-09
goal10,goal16,9,5.547891249187551e-10,-8.009917240429632e-10,1.9105699738804734e-09
goal10,goal16,10,-4.9981507310079344e-11,-2.3036480189062784e-10,1.3040178727046915e-10
goal13,goal16,0,0.02644171861167428,0.02644171861167428,0.02644171861167428
goal13,goal16,1,0.03312343970204445,-5.250555816689595e-05,0.06629938496225579
goal13,goal16,2,-0.0007151023338445728,-0.006445193839819292,0.005014989172130146
goal13,goal16,3,2.5919541482763396e-05,-0.0009232365992362287,0.0009750756822017554
goal13,goal16,4,1.6773697580837435e-05,-0.00012912465362517898,0.00016267204878685383
goal13,goal16,5,-2.7289328396716336e-06,-2.4336788369821196e-05,1.887892269047793e-05
goal13,goal16,6,4.005884372070157e-07,-2.713587081702166e-06,3.514763956116197e-06
goal13,goal16,7,-4.68557801002801e-08,-4.880257412370344e-07,3.9431418103647415e-07
goal13,goal16,8,4.9689953423302456e-09,-5.679319799178797e-08,6.673118867644846e-08
goal13,goal16,9,-4.3785816311451936e-10,-9.019317497224033e-09,8.143601170994995e-09
goal13,goal16,10,2.662622196503136e-11,-1.1593160581547725e-09,1.2125685020848351e-09
goal16,goal16,0,1.1436519790840811,1.1436519790840811,1.1436519790840811
goal16,goal16,1,-0.017018206064097242,-0.04805230136943485,0.014015889241240365
goal16,goal16,2,0.006402913046602357,0.002628274729037824,0.010177551364166891
goal16,goal16,3,-0.0003833722334129916,-0.0009032777582400624,0.00013653329141407916
goal16,goal16,4,5.554156665194039e-05,-1.4780853030262059e-05,0.00012586398633414284
goal16,goal16,5,-4.906667793521933e-06,-1.4783790124132812e-05,4.970454537088946e-06
goal16,goal16,6,5.446281931114413e-07,-7.985765012101144e-07,1.887832887432997e-06
goal16,goal16,7,-5.0387834208047115e-08,-2.335768232576634e-07,1.3280115484156916e-07
goal16,goal16,8,4.7407694017213126e-09,-1.9956524492838105e-08,2.943806329628073e-08
goal16,goal16,9,-3.8361136626479024e-10,-3.710530980717355e-09,2.9433082481877748e-09
goal16,goal16,10,2.5959284864269954e-11,-4.2040556756612306e-10,4.72324137294663e-10
